Type,Name,Request Count,Failure Count,Median Response Time,Average Response Time,Min Response Time,Max Response Time,Average Content Size,Requests/s,Failures/s,50%,66%,75%,80%,90%,95%,98%,99%,99.9%,99.99%,100%
GET,/home?id=1,13,0,8,6.525547154664169,3.5731640018639155,8.86171300226124,14.0,2.5137033974903145,0.0,8,8,8,8,9,9,9,9,9,9,9
GET,/route_not_exists,13,0,6,6.024281845244472,3.5093309998046607,9.431083999515977,232.0,2.5137033974903145,0.0,6,8,8,8,9,9,9,9,9,9,9
GET,/test,18,18,6,6.162981055644599,3.2490680023329332,10.167590000492055,16.0,3.4805123965250506,3.4805123965250506,7,8,8,8,9,10,10,10,10,10,10
,Aggregated,44,18,7,6.22912354546398,3.2490680023329332,10.167590000492055,79.22727272727273,8.50791919150568,3.4805123965250506,7,8,8,8,9,9,10,10,10,10,10
